{"cameraMode":{"drawMode":0,"name":"Shaded","section":"Shading Mode"},"sceneLighting":true,"audioPlay":false,"sceneViewState":{"showFog":true,"showMaterialUpdate":false,"showSkybox":false,"showFlares":true,"showImageEffects":true,"showParticleSystems":true},"in2DMode":false,"pivot":{"x":275.0539245605469,"y":546.157470703125,"z":-2.3534998893737795},"rotation":{"x":0.20928843319416047,"y":0.14784400165081025,"z":-0.03193232789635658,"w":0.9661571979522705},"size":2021.279296875,"orthographic":false}