{"cameraMode":{"drawMode":0,"name":"Shaded","section":"Shading Mode"},"sceneLighting":true,"audioPlay":false,"sceneViewState":{"showFog":true,"showMaterialUpdate":false,"showSkybox":true,"showFlares":true,"showImageEffects":true,"showParticleSystems":true},"in2DMode":false,"pivot":{"x":-0.24036097526550294,"y":3.124992847442627,"z":-6.0706987380981449},"rotation":{"x":0.23012986779212953,"y":-0.1291513890028,"z":0.03086608275771141,"w":0.9641426801681519},"size":4.761209964752197,"orthographic":false}