{"cameraMode":{"drawMode":0,"name":"Shaded","section":"Shading Mode"},"sceneLighting":false,"audioPlay":false,"sceneViewState":{"showFog":true,"showMaterialUpdate":false,"showSkybox":false,"showFlares":true,"showImageEffects":true,"showParticleSystems":true},"in2DMode":false,"pivot":{"x":23.829999923706056,"y":49.992000579833987,"z":-19.760000228881837},"rotation":{"x":-0.27026915550231936,"y":-0.29786229133605959,"z":0.08834540843963623,"w":-0.9113155603408814},"size":16.711084365844728,"orthographic":false}